Sample,Facies,Time,NO3_corrected,DOC_corrected,SO4_corrected
A301,T1,0.0,0.012522666219390188,0.0037094312044300124,
A301,T1,3.0,0.012658072184617666,0.0016541823056752565,
A301,T1,5.0,0.012692254070959627,0.0024105305270215012,
A301,T1,14.0,0.012244395201024435,0.0018585360983048114,
A301,T1,25.0,0.012218859584753248,,
A301,T1,37.0,0.01216445528229758,0.0021956750962249024,
A301,T1,51.0,0.011932573966824485,0.0019870416750341915,
A301,T1,65.0,0.011615502251524565,0.0018604414758455828,
A301,T1,84.0,0.011330650212053135,,
A301,T1,100.0,,0.0019820435869203797,
A301,T1,108.0,0.010868082229821384,0.0017456636563324193,
A301,T1,134.0,0.010715943716037258,0.0023398431100244504,
A301,T1,150.0,0.010610217304809185,0.0021074593402830447,
A301,T1,170.0,0.010422651483398297,0.001980311941513474,
A302,T2,0.0,0.00867014516109643,0.0033506190932982146,
A302,T2,3.0,0.00904034319087097,0.0015832164415470907,
A302,T2,5.0,0.008697579160017888,0.0020232020546511013,
A302,T2,14.0,0.008354654173499686,0.0016434495268350848,
A302,T2,25.0,0.007760620465432485,,
A302,T2,37.0,0.007560434539534693,0.0017324673206185028,
A302,T2,51.0,0.007225932899491072,0.0012172005364784212,
A302,T2,65.0,0.006850970582029,0.0013977657626633498,
A302,T2,84.0,0.006692676050572942,,
A302,T2,100.0,,0.0015926983860768177,
A302,T2,108.0,0.0063970899135626265,0.0014368787968079954,
A302,T2,134.0,0.006391295509618329,0.0018063901648076586,
A302,T2,150.0,0.006407949055769347,0.0017541900169187985,
A302,T2,170.0,0.006400180262332919,0.0016517058956739506,
A303,T3,0.0,0.019533970766928855,0.00423193589147482,
A303,T3,3.0,0.019030658060575318,0.002444226339238437,
A303,T3,5.0,0.01903782310958855,0.0034982010352053437,
A303,T3,14.0,0.018635300891809533,0.0026869531681284853,
A303,T3,25.0,0.01843577986625181,,
A303,T3,37.0,0.01888925070040705,0.0030395008588762723,
A303,T3,51.0,0.018317838041601874,0.0018588938418229502,
A303,T3,65.0,0.018032029354356237,0.0021757861223772566,
A303,T3,84.0,0.017854336138828107,,
A303,T3,100.0,,0.0026827202837655675,
A303,T3,108.0,0.017329581596811472,0.002326026058259648,
A303,T3,134.0,0.017039780953687036,0.003062077399378248,
A303,T3,150.0,0.017315840056382526,0.0029256066152985615,
A303,T3,170.0,0.01734815954532435,0.0027342922416403893,
A306,T4,0.0,0.01756500339601818,0.0039603134681607585,
A306,T4,3.0,0.017052608090518184,0.0034646867292377767,
A306,T4,5.0,0.017492471763246392,0.0041660992331369546,
A306,T4,14.0,0.01700226294366585,0.0034838074943829055,
A306,T4,25.0,0.016901099492134027,,
A306,T4,37.0,0.017259845448592874,0.0035624493577434725,
A306,T4,51.0,0.016757374917028243,0.003160303465558756,
A306,T4,65.0,0.016433527235430477,0.002966573859732566,
A306,T4,84.0,0.01623207740541228,,
A306,T4,100.0,,0.003219294392115305,
A306,T4,108.0,0.015919408558332408,0.0029089865191530406,
A306,T4,134.0,0.015415783983286923,0.003544872489281784,
A306,T4,150.0,0.01560680126023818,0.0034077289934479177,
A306,T4,170.0,0.015615387343735748,0.0031866195889343053,
A308,T8,0.0,0.08029903013041442,0.03613950319489344,
A308,T8,3.0,0.07787381857455353,0.035770504274432936,
A308,T8,5.0,0.07942235210443047,0.03197912137071198,
A308,T8,14.0,0.07448658627517073,0.032847889066792355,
A308,T8,25.0,0.06513474472716403,0.02780238797193527,
A308,T8,37.0,0.05914554064813158,0.026886537938215337,
A308,T8,51.0,0.05678658729659538,0.018816470557117545,
A308,T8,65.0,0.05456773039980174,0.021063839332422122,
A308,T8,84.0,0.05411013215622206,,
A308,T8,100.0,,0.023355887361233514,
A308,T8,108.0,0.05164366042038614,0.022179632040506884,
A308,T8,134.0,0.05156355922408283,0.027566920628423582,
A308,T8,150.0,0.05124143414472083,0.024748114498248375,
A308,T8,170.0,0.05107983401311832,0.02422892903549096,
A310,T7,0.0,0.04295402923819274,0.016753170104680647,
A310,T7,3.0,0.04135429478715625,0.024274340588051377,
A310,T7,5.0,0.042758119729333924,0.022915148235203953,
A310,T7,14.0,0.039699859271331156,0.02174605995352857,
A310,T7,25.0,0.038889037342506885,0.023092568211876906,
A310,T7,37.0,0.037943513135993916,0.022187415438209408,
A310,T7,51.0,0.03390360403319525,0.015685029792185442,
A310,T7,65.0,0.02817742411938193,0.013852417278533152,
A310,T7,84.0,0.027412333729755788,0.014519299113715302,
A310,T7,100.0,,0.014278759876864859,
A310,T7,108.0,0.02667699685528177,0.014278759876864859,
A310,T7,134.0,0.02674944859672364,0.01636896192173816,
A310,T7,150.0,0.026115119110051783,0.015989673885480706,
A310,T7,170.0,0.02593880055207885,0.015953453689429103,
A402,T1,0.0,0.0054878128062666705,0.007442361429676027,
A402,T1,3.0,0.003833844933499961,0.002843978845770162,
A402,T1,5.0,0.002944374663383967,0.0027644468301640207,
A402,T1,14.0,0.002834249772798178,0.0022135544252216647,
A402,T1,25.0,0.002626362278583313,,
A402,T1,37.0,0.0025987146940490953,0.0026769093829930144,
A402,T1,51.0,0.0022464639873909144,0.0017443285172676994,
A402,T1,65.0,0.0019668044807993426,0.0019022924030516267,
A402,T1,84.0,0.0018926307590590571,,
A402,T1,100.0,,0.002184288933926593,
A402,T1,108.0,0.0018108361094157377,0.0019292356340046024,
A402,T1,134.0,0.0017783478703502764,0.002361478458062911,
A402,T1,150.0,0.0016852583601340554,0.00214912793043556,
A402,T1,170.0,0.0017131852131989217,0.002163220985406449,
A403,T2,0.0,0.013496186831743934,0.006357420215278242,
A403,T2,3.0,0.011787964947259089,0.006604202949367451,
A403,T2,5.0,0.008224249397126553,0.0037711123303387213,
A403,T2,14.0,0.004858597729136548,0.002474963258768528,
A403,T2,25.0,0.004400101989695045,,
A403,T2,37.0,0.004413280936826318,0.002512460104193721,
A403,T2,51.0,0.0039342152402106504,0.002197209959137624,
A403,T2,65.0,0.0031666639095921153,0.002137998445646208,
A403,T2,84.0,0.0028040656817345092,,
A403,T2,100.0,,0.0025694709067531018,
A403,T2,108.0,0.0027996783241748028,0.002522827434671054,
A403,T2,134.0,0.0027996783241748028,0.002457492022187764,
A403,T2,150.0,0.0027996783241748028,0.0024281697260289323,
A403,T2,170.0,0.0027996783241748028,0.002378292494416437,
A405,T4,0.0,0.0193867065860531,0.006081830797115435,
A405,T4,3.0,0.018957574397479544,0.005566772486842313,
A405,T4,5.0,0.019269570074493966,0.005893279266154836,
A405,T4,14.0,0.018343774165525555,0.005025631337721707,
A405,T4,25.0,0.01610602477017419,,
A405,T4,37.0,0.015198400982495874,0.0038833387814724875,
A405,T4,51.0,0.015007102570536618,0.0031200451212904288,
A405,T4,65.0,0.014565741035473244,0.0032596012525896285,
A405,T4,84.0,0.014345121660243211,,
A405,T4,100.0,,0.0037311732609876078,
A405,T4,108.0,0.014059279103734133,0.003265347908874714,
A405,T4,134.0,0.014193973813566805,0.0039006080088785826,
A405,T4,150.0,0.014172854861797233,0.0039033069005999744,
A405,T4,170.0,0.01417270752027326,0.0037221864987725182,
A406,T8,0.0,0.06812297189880642,0.03103918077498008,
A406,T8,3.0,0.06835601059872212,0.03533088294812019,
A406,T8,5.0,0.069992460135908,0.0313649143129725,
A406,T8,14.0,0.06564536362573431,0.025954571556883157,
A406,T8,25.0,0.03473206669814025,0.017312212129906135,
A406,T8,37.0,0.030877046463162743,0.018152441518640015,
A406,T8,51.0,0.03080095219380251,0.015398189387031556,
A406,T8,65.0,0.029311026399729177,0.016261857698677922,
A406,T8,84.0,0.028795614548595874,0.02207111188746639,
A406,T8,100.0,,0.016827751423146155,
A406,T8,108.0,0.02806567322399217,0.016827751423146155,
A406,T8,134.0,0.02817135970921472,0.019262649472077384,
A406,T8,150.0,0.027783448033853894,0.019443723403725903,
A406,T8,170.0,0.027516357148399485,0.0185252119540806,
A502,T2,0.0,0.009953964446934785,0.0039242160669771126,
A502,T2,3.0,0.009022076569199969,0.0047066343411166145,
A502,T2,5.0,0.009091711302732506,0.0023882386200927658,
A502,T2,14.0,0.008891737094162643,0.002081927041441652,
A502,T2,25.0,0.00866598689570106,,
A502,T2,37.0,0.008947368063852951,0.0022253116206876976,
A502,T2,51.0,0.008920789334892931,0.0017072614925075366,
A502,T2,65.0,0.008810725742829586,0.0017510550371030455,
A502,T2,84.0,0.008443601287784127,,
A502,T2,100.0,,0.002064639442906394,
A502,T2,108.0,0.008254528711058895,0.001954939512619016,
A502,T2,134.0,0.00833856665753942,0.0022395540039147994,
A502,T2,150.0,0.008361304529713313,0.0021531818246985357,
A502,T2,170.0,0.008344020674175728,0.002073659638742563,
A503,T5,0.0,0.04040251116125655,0.010093394529430385,
A503,T5,3.0,0.03958277879868765,0.008002121009972366,
A503,T5,5.0,0.04043593590720316,0.009834643413153678,
A503,T5,14.0,0.038720153463658744,0.008081839664899478,
A503,T5,25.0,0.03611775103856558,,
A503,T5,37.0,0.03607972562416548,0.0070049227787080896,
A503,T5,51.0,0.035512394575094544,0.005587258353423075,
A503,T5,65.0,0.03528363205530787,0.006229445825251391,
A503,T5,84.0,0.03470003344927432,,
A503,T5,100.0,,0.007151793344264899,
A503,T5,108.0,0.03422962992710558,0.006607566987688757,
A503,T5,134.0,0.03356418517510391,0.007785895788036006,
A503,T5,150.0,0.034149817225757786,0.007514900734848063,
A503,T5,170.0,0.03418306404530012,0.007187501876198204,
A504,T7,0.0,0.034699569556285816,0.012481031579889027,
A504,T7,3.0,0.03424693534331151,0.010725389652519951,
A504,T7,5.0,0.033765603041504555,0.011652489806229136,
A504,T7,14.0,0.030672403688534744,0.009655086320903008,
A504,T7,25.0,0.02615308548706832,0.008662314037570234,
A504,T7,37.0,0.02668167586941632,0.009146378537422206,
A504,T7,51.0,0.026080209389803002,0.007058111321328083,
A504,T7,65.0,0.02544028178836407,0.00833080011008895,
A504,T7,84.0,0.024978748326456704,,
A504,T7,100.0,,0.008621095129617649,
A504,T7,108.0,0.0243180292911546,0.008268743296763465,
A504,T7,134.0,0.02459898642222114,0.010762450199905032,
A504,T7,150.0,0.02429693477516514,0.009471906694997262,
A504,T7,170.0,0.024254382044634676,0.009285768974912628,
A507,T8,0.0,0.06982252949706155,0.03185158025467592,
A507,T8,3.0,0.06839178644016161,0.02693332153888037,
A507,T8,5.0,0.06983194302648865,0.026791739016289486,
A507,T8,14.0,0.06594982617396163,0.02470062396760484,
A507,T8,25.0,0.06346029923015054,0.027033283815667875,
A507,T8,37.0,0.06331358427030863,0.026904472277873234,
A507,T8,51.0,0.061353755493199526,0.021653139113695638,
A507,T8,65.0,0.056535026487482556,0.02000588381143448,
A507,T8,84.0,0.05407217499091547,,
A507,T8,100.0,,0.020456509221048264,
A507,T8,108.0,0.05159093497742735,0.021240917182655396,
A507,T8,134.0,0.052177068954284984,0.025338278548264113,
A507,T8,150.0,0.051964754170098174,0.022576854580479006,
A507,T8,170.0,0.05159592528218389,0.02258325695081693,
A508,T3,0.0,0.01795703006070503,0.003810056154059758,
A508,T3,3.0,0.01736045098892081,0.004500383045206071,
A508,T3,5.0,0.01711477641283189,0.005007778280917281,
A508,T3,14.0,0.016367691331171948,0.00457237350330872,
A508,T3,25.0,0.015128582394812507,,
A508,T3,37.0,0.014717653048462093,0.004428584682697565,
A508,T3,51.0,0.014859222209147396,0.0037835665550547035,
A508,T3,65.0,0.01491376658142481,0.004027499289353188,
A508,T3,84.0,0.014822101733569711,,
A508,T3,100.0,,0.00442035303259992,
A508,T3,108.0,0.014567214114275662,0.004377225167752182,
A508,T3,134.0,0.014398420114997031,0.004893605929569352,
A508,T3,150.0,0.01457029170472534,0.004650718122117345,
A508,T3,170.0,0.014631085952992878,0.004515098614916925,
A509,T6,0.0,0.05521954678404983,0.016033008353878726,
A509,T6,3.0,0.05358223245860398,0.013058469075093686,
A509,T6,5.0,0.054909007064443315,0.014755466548136796,
A509,T6,14.0,0.05137359274166404,0.012384659302904649,
A509,T6,25.0,0.04942262483784284,0.012699174243417074,
A509,T6,37.0,0.049554422294861684,0.013583310687301998,
A509,T6,51.0,0.04485114170232511,0.010090050436425023,
A509,T6,65.0,0.04447037092896561,0.011628599247581972,
A509,T6,84.0,0.0439266641108992,,
A509,T6,100.0,,0.012407726591657592,
A509,T6,108.0,0.043271399917811204,0.012062739204015292,
A509,T6,134.0,0.04326090756761197,0.013842046952697938,
A509,T6,150.0,0.04333699402970193,0.013331559363107507,
A509,T6,170.0,0.04323545515680607,0.012986921305362286,
A510,T5,0.0,0.04552996377808568,0.020407335374184935,
A510,T5,3.0,0.04372537064074854,0.019663317938667775,
A510,T5,5.0,0.04523286989363875,0.01821675605570918,
A510,T5,14.0,0.043547553534118356,0.01652014942477206,
A510,T5,25.0,0.04222741078493344,,
A510,T5,37.0,0.04079669338418443,0.01675601681550992,
A510,T5,51.0,0.032634812698227676,0.014708197397753165,
A510,T5,65.0,0.0271618615728482,0.010644545076055176,
A510,T5,84.0,0.026772269851150707,0.012159259892995494,
A510,T5,100.0,,0.011712849431685195,
A510,T5,108.0,0.02611819205457666,0.011463212055612116,
A510,T5,134.0,0.026186820810512663,0.012409181173052907,
A510,T5,150.0,0.026122035264909072,0.012306088448622656,
A510,T5,170.0,0.02609716420375787,0.011886653285720382,
A603,T6,0.0,0.025664967775864155,0.010018767840124189,
A603,T6,3.0,0.02454703114913758,0.00974060862566066,
A603,T6,5.0,0.0239627480964068,0.00885299692811248,
A603,T6,14.0,0.01846017282370316,0.005424917706996236,
A603,T6,25.0,0.018003456290773566,0.005236784623341232,
A603,T6,37.0,0.018663661099548878,0.005828643140954113,
A603,T6,51.0,0.018188543648704585,0.004559934159237897,
A603,T6,65.0,0.017568806483624487,0.004769746635141818,
A603,T6,84.0,0.01704725546647983,,
A603,T6,100.0,,0.005602648238071244,
A603,T6,108.0,0.01623023554344452,0.0048581315086783155,
A603,T6,134.0,0.016002200730614945,0.006175744774898398,
A603,T6,150.0,0.01590861481215817,0.005817279984126887,
A603,T6,170.0,0.015734165484896586,0.005460265787757348,
A604,T6,0.0,0.05525987427966806,0.02847849050233473,
A604,T6,3.0,0.05108822632955828,0.026580486840301166,
A604,T6,5.0,0.05499663398011355,0.028975858421501896,
A604,T6,14.0,0.051286677815473226,0.026948977191238423,
A604,T6,25.0,0.04882839577784567,0.029499894113011536,
A604,T6,37.0,0.049510696333289396,0.029416381951882058,
A604,T6,51.0,0.04725379067379405,0.02771692751755156,
A604,T6,65.0,0.04320841963460651,0.02039007743118516,
A604,T6,84.0,0.03893592009363078,,
A604,T6,100.0,,0.018294173535803593,
A604,T6,108.0,0.034148900965294854,0.017324159098320267,
A604,T6,134.0,0.03371784701729683,0.018491836248238434,
A604,T6,150.0,0.0332817602938635,0.01926660747447201,
A604,T6,170.0,0.03316764047684992,0.019039164276957905,
A904,T6,0.0,0.03568752271087201,0.01263490330387914,
A904,T6,3.0,0.03426556419065894,0.010736917185134507,
A904,T6,5.0,0.03380966221477347,0.011582165698075924,
A904,T6,14.0,0.029284300944539345,0.00767025858933758,
A904,T6,25.0,0.028309067152645213,0.007486862660072033,
A904,T6,37.0,0.028491994280857646,0.007976582949451404,
A904,T6,51.0,0.02865365799675605,0.005834201617524582,
A904,T6,65.0,0.027473924752776418,0.006749360000347806,
A904,T6,84.0,0.026912117597399542,,
A904,T6,100.0,,0.007558462972159553,
A904,T6,108.0,0.02601421466578547,0.007125227983360298,
A904,T6,134.0,0.02643948291206599,0.008821027823414637,
A904,T6,150.0,0.026134896114851036,0.00846290407399706,
A904,T6,170.0,0.02612624659119787,0.007846822391226818,
A905,T4,0.0,0.03219795568816773,0.009275122952789159,
A905,T4,3.0,0.029924074690078534,0.009151324625991226,
A905,T4,5.0,0.03197275374630999,0.00887075525806357,
A905,T4,14.0,0.030247404683770567,0.007392957506129119,
A905,T4,25.0,0.028365869855705814,,
A905,T4,37.0,0.028969559386550586,0.007288010947402596,
A905,T4,51.0,0.028920412341977068,0.005595520368308917,
A905,T4,65.0,0.028128215115391948,0.006360738463130706,
A905,T4,84.0,0.02730148212775517,,
A905,T4,100.0,,0.00716135286920282,
A905,T4,108.0,0.026810011682019932,0.006682426827253255,
A905,T4,134.0,0.026622500210156084,0.00726741187920435,
A905,T4,150.0,0.026855218107704228,0.007350305151307485,
A905,T4,170.0,0.02689652819111603,0.007335075294115004,
A906,T5,0.0,0.020536584950283484,0.010159498443503414,
A906,T5,3.0,0.019341893342217642,0.010827972627812855,
A906,T5,5.0,0.02027580764622125,0.010088729353075459,
A906,T5,14.0,0.019683044719565904,0.009131852991755944,
A906,T5,25.0,0.018255172339805278,,
A906,T5,37.0,0.01801137649906556,0.00936714300416548,
A906,T5,51.0,0.016431822459385983,0.00726738106444024,
A906,T5,65.0,0.013501189843684857,0.005988065173335832,
A906,T5,84.0,0.011967113830487089,0.0072772041588505315,
A906,T5,100.0,,0.006751069547768091,
A906,T5,108.0,0.011714399302268426,0.006647902205815536,
A906,T5,134.0,0.011714399302268426,0.006924259163536105,
A906,T5,150.0,0.011750929963819585,0.006774844038986863,
A906,T5,170.0,0.011747276897664471,0.0068344086532697735,
A907,T3,0.0,0.015089563256038954,0.004408715359933314,
A907,T3,3.0,0.014333324537490123,0.003312036642080835,
A907,T3,5.0,0.015022342036612395,0.003970105954976093,
A907,T3,14.0,0.014611759096368878,0.0039032690812377496,
A907,T3,25.0,0.014081671766033694,,
A907,T3,37.0,0.014236718042142804,0.0037199120292251875,
A907,T3,51.0,0.014436674494849755,0.0030327144997756017,
A907,T3,65.0,0.01407963378938124,0.0034055323637270348,
A907,T3,84.0,0.01374331429155183,,
A907,T3,100.0,,0.0035820227047034837,
A907,T3,108.0,0.013677586877001416,0.003313777055001025,
A907,T3,134.0,0.013491714870269554,0.004070495851436387,
A907,T3,150.0,0.013823680993888482,0.003897217670395791,
A907,T3,170.0,0.013823296872634616,0.0037956436050003064,
A908,T7,0.0,0.1587802341810526,0.12324279023329318,
A908,T7,3.0,0.1514858407445143,0.132972331544153,
A908,T7,5.0,0.15690859423876374,0.10996852433786183,
A908,T7,14.0,0.1510096618662512,0.10755379202946361,
A908,T7,25.0,0.13957480834415,0.11852705838109089,
A908,T7,37.0,0.13532670231010263,0.11619862609197244,
A908,T7,51.0,0.11909616437913396,0.10625695423816199,
A908,T7,65.0,0.09785803970495256,0.09170301613412826,
A908,T7,84.0,0.07981069620768792,0.09746543346358051,
A908,T7,100.0,,,
A908,T7,108.0,0.07004292434588158,,
A908,T7,134.0,0.06840281339893647,,
A908,T7,150.0,0.06840281339893647,,
A908,T7,170.0,0.06840281339893647,,
B1,T1,0.0,0.011981220738068305,0.002136108462870547,0.0012679493830045922
B1,T1,5.0,0.011387469034679038,0.0019147444237873426,0.0013086670895879125
B1,T1,9.0,0.011437145472014397,0.0017689571179790027,0.0012861026938563228
B1,T1,16.0,0.011508900325943247,0.0013322949163275194,0.001295365972104028
B1,T1,23.0,0.011417432600055922,0.0025383453433923922,0.0012876296078531972
B1,T1,30.0,0.011466005116561604,0.0020885592589761155,0.0012952811435486457
B1,T1,56.0,0.011449446304116486,0.002047709632682363,0.0013112289119604464
B1,T1,72.0,0.01146269335407258,0.003758969711047739,0.0013521502070766832
B1,T1,83.0,0.011461431730267238,0.0018607128828382314,0.0013324699822280786
B1,T1,99.0,0.011312034444651276,0.0019246577471082194,0.0013182187849239164
B1,T1,126.0,0.01121725495627493,0.0024378776572705207,0.0013188295505226664
B1,T1,150.0,0.011407155622808241,,0.0013635341992089367
B2,T3,0.0,0.011450331111154418,0.0013153385056862655,0.0009656153377659213
B2,T3,5.0,0.00945897225065556,0.0016956619297051796,0.0009250266577937075
B2,T3,9.0,0.009339615539579833,0.0015268374422874578,0.000915023904452241
B2,T3,16.0,0.009493615842208912,0.0012536457842699856,0.0010249021736803909
B2,T3,23.0,0.009419288734838157,0.0022887907890004706,0.0010646699590014807
B2,T3,30.0,0.009492344085618921,0.001967474918323311,0.0010854051498187466
B2,T3,56.0,0.009371291699089866,0.0018317268342317769,0.0011338987412462228
B2,T3,72.0,0.009515636072054181,0.00158380802056149,0.0012199558638389947
B2,T3,83.0,0.009305749132609254,0.001574528063387163,0.0012161858291449465
B2,T3,99.0,0.00916512582522307,0.0015745280633871629,0.0012322540818530477
B2,T3,126.0,0.00904402633659809,0.0021251911768134977,0.0012509522377953035
B2,T3,150.0,0.009063102685448,,0.0013589606914292279
B3,T3,0.0,0.0093249158726242,0.0011821484291821508,0.0008219069430812091
B3,T3,5.0,0.007792202905008506,0.001526737664398535,0.0008053622240068212
B3,T3,9.0,0.00770215625815748,0.0011571379433165,0.0008110878121808791
B3,T3,16.0,0.007743838831785106,0.0011329132864028111,0.0008489485738080365
B3,T3,23.0,0.007653984182048898,0.0019187452855019451,0.0008461229588649951
B3,T3,30.0,0.007617658327924775,0.001669394254962592,0.0008514395764551918
B3,T3,56.0,0.007587706778012705,0.0016928255006234156,0.0008830418488444722
B3,T3,72.0,0.007672723100455424,0.0012753847125099083,0.000917060765592933
B3,T3,83.0,0.007514056684767388,0.0013567411769031435,0.0009141855784579081
B3,T3,99.0,0.007377373938726349,0.001382887297375743,0.000925636754806024
B3,T3,126.0,0.007245241524306566,0.0018259618607826768,0.0009434083856319959
B3,T3,150.0,0.007236793651254445,,0.001043296352478114
B4,T3,0.0,0.010086427771394063,0.0009514590777786858,0.0007097230185854047
B4,T3,5.0,0.007540157277768546,0.001096763194393248,0.0006531919792760876
B4,T3,9.0,0.00741790735918255,0.0013991682527875879,0.0006181727513853609
B4,T3,16.0,0.0074841820403207466,0.0008860220248997929,0.0006171610848018507
B4,T3,23.0,0.007342607747452767,0.0021316052328129165,0.0006163606453072055
B4,T3,30.0,0.007299222632643227,0.001539955392340695,0.0006192955901209045
B4,T3,56.0,0.007241352848697193,0.0014929324297681046,0.0006421970534399199
B4,T3,72.0,0.007338543084056558,0.0011952471089547495,0.0006696121061315177
B4,T3,83.0,0.00718077903020368,0.001317296773664433,0.0006693452929666361
B4,T3,99.0,0.007041529862583534,0.0013385080289433447,0.000673703241326371
B4,T3,126.0,0.006916696471499945,0.0016789228720775972,0.0006978498327481677
B4,T3,150.0,,,
B5,T3,0.0,0.011738415604481028,0.0012191814590737247,0.0006809360221290264
B5,T3,5.0,0.00811399006944843,0.0012057688828677445,0.000628652850896761
B5,T3,9.0,0.007913401083739235,0.001454927950147337,0.0005943318536034026
B5,T3,16.0,0.007852795994464033,0.001231144434810653,0.0005864777594360668
B5,T3,23.0,0.007742853646589683,0.0019072424357806878,0.0005905209913446951
B5,T3,30.0,0.00775651544129116,0.0017001076089062394,0.0006050905683947533
B5,T3,56.0,0.007698376314959441,0.0017603850887722707,0.0006290246423366348
B5,T3,72.0,0.007835912248179462,0.001940008938767094,0.0006578849528568454
B5,T3,83.0,0.00770861816105317,0.0015067688784133784,0.0006581637964367509
B5,T3,99.0,0.0075603183895834964,0.0015346046285177918,0.0006547479625829096
B5,T3,126.0,0.007502863252973326,0.001979061613621975,0.0006669473692037715
B5,T3,150.0,,,
B6,T3,0.0,0.029027337803103077,0.003906051141465762,0.0023119878434187586
B6,T3,5.0,0.02430061371719883,0.005706145541707529,0.0024142178777341503
B6,T3,9.0,0.02403331309354457,0.005774436698058743,0.002395925940678754
B6,T3,16.0,0.024306412707396818,0.004879089942549524,0.0025263001329732014
B6,T3,23.0,0.02386919072945067,0.00659705432698259,0.002560200247979342
B6,T3,30.0,0.023883031715489257,0.006243065962632167,0.002621573581188374
B6,T3,56.0,0.02369757344406315,0.0062906123916141145,0.0027444614980856328
B6,T3,72.0,0.023907814192467434,0.006767157579121474,0.0028569675047622604
B6,T3,83.0,0.023538429458346766,0.005431323055704224,0.0028657250344721803
B6,T3,99.0,0.023104544635137204,0.005572148745148445,0.002856579065944482
B6,T3,126.0,0.02279960528265074,0.0071135965875353206,0.0029101836227979415
B6,T3,150.0,0.022779089987139,,0.0030231840061517423
B7,T7,0.0,0.05973117819711269,0.012112356538415683,0.005037056518038799
B7,T7,5.0,0.04964779288005525,0.016076862697512947,0.005266490972382027
B7,T7,9.0,0.04947614072266446,0.014016177473221958,0.005289929052626709
B7,T7,16.0,0.04935199943026575,0.011471656543099394,0.005497675672977294
B7,T7,23.0,0.048760648316617194,0.016508091584528116,0.0056392173264029665
B7,T7,30.0,0.04810186242685084,0.01488384836729826,0.005738829167442863
B7,T7,56.0,0.04388247320087767,0.01543630554735474,0.006108663810264784
B7,T7,72.0,0.042150861327418764,0.012137831863990782,0.006418913982854284
B7,T7,83.0,0.04004576454007658,0.013392793435610445,0.006454223298547571
B7,T7,99.0,0.03815594030726435,0.013529208085205127,0.006559161976006712
B7,T7,126.0,0.03611026157440359,0.015848573993754778,0.006750014915141976
B7,T7,150.0,0.03403534538616308,,0.007195947221095979
B8,T7,0.0,0.06410485001693116,0.012035622321548055,0.00480943474905582
B8,T7,5.0,0.0495174999931882,0.015029980337290322,0.005073025346812563
B8,T7,9.0,0.04948533637395325,0.014462164904104763,0.005155031310559107
B8,T7,16.0,0.04885515917708535,0.012251671417178105,0.005402754569941745
B8,T7,23.0,0.04836167736196605,0.017032387368889353,0.005586044572094957
B8,T7,30.0,0.047815814795521244,0.015604627434744871,0.005771188235273182
B8,T7,56.0,0.047195516424561226,0.01742072544200911,0.006216066881276126
B8,T7,72.0,0.04781478096490298,0.01430880210070796,0.006592434215794616
B8,T7,83.0,0.04685262926950278,0.014305796570009612,0.0066404811095629335
B8,T7,99.0,0.04605738378391831,0.014305796570009612,0.006750514428007663
B8,T7,126.0,0.04531164729794194,0.017532364126689733,0.006911115619214724
B8,T7,150.0,0.044454716585467555,,0.0072963063802122755
B9,T2,0.0,0.014425729167628597,0.001568472927187946,0.0010185075769085761
B9,T2,5.0,0.011265949623240738,0.002727279755480643,0.0009805748016241457
B9,T2,9.0,0.011321161766529794,0.0020814057922720116,0.0009660380912723198
B9,T2,16.0,0.011251679567409455,0.0018078974536174454,0.0009721341310972791
B9,T2,23.0,0.011154850752205151,0.0027062257201712677,0.0009876086937298677
B9,T2,30.0,0.011195948512999262,0.0024441091732695483,0.0010080572229229318
B9,T2,56.0,0.01114379794532492,0.002839298290264809,0.0010440640515593667
B9,T2,72.0,0.011367033509638367,0.0044705938606015485,0.0010876239405283748
B9,T2,83.0,0.011116503220353076,0.0024568421569204878,0.0010756998186729602
B9,T2,99.0,0.010971026487542114,0.002497063375457405,0.001069603778848001
B9,T2,126.0,0.010924635833312405,0.003101716824665933,0.0010857817306911622
B9,T2,150.0,0.011008050796035292,,0.0011248030845157641
B10,T2,0.0,0.014097844242887302,0.0013156440024083393,0.0008840771850180839
B10,T2,5.0,0.010557431412922352,0.0018671835142025233,0.0008502164928863127
B10,T2,9.0,0.010430133135596015,0.0017369049115692969,0.0008153509027945019
B10,T2,16.0,0.010392295629201782,0.0014589211160798289,0.0008225453896388436
B10,T2,23.0,0.010288597847813646,0.0027538927461046316,0.0008398471110377875
B10,T2,30.0,0.010286364148867296,0.0023081043010321394,0.0008566682290645385
B10,T2,56.0,0.01022567071285031,0.002526028663060359,0.0008994856204053589
B10,T2,72.0,0.010419393330561038,0.0040720538348741125,0.0009412981137861399
B10,T2,83.0,0.010240697414853029,0.0020671667571000862,0.0009394339552515734
B10,T2,99.0,0.01009476241702482,0.0021266827416621605,0.0009360697316462233
B10,T2,126.0,0.010024502431985079,0.0028163881798001465,0.0009528471584573202
B10,T2,150.0,0.010101779390482546,,0.0009936984450937155
B11,T6,0.0,0.026533965042385414,0.003650805284356205,0.002161581401561131
B11,T6,5.0,0.02094749427441781,0.005290827819597425,0.002316721025381149
B11,T6,9.0,0.020706528838849835,0.004533685484072231,0.002309846391209896
B11,T6,16.0,0.020693548656547132,0.003700338345202742,0.002424352016624829
B11,T6,23.0,0.020189175858499553,0.00581212377775788,0.0024659681056258074
B11,T6,30.0,0.01987327720934532,0.004961175701391278,0.002527072554889043
B11,T6,56.0,0.019047395280415602,0.005694051838741606,0.002651675299243004
B11,T6,72.0,0.018945122855019644,0.007483711907613831,0.002776799779226034
B11,T6,83.0,0.018393964344935974,0.004660331122477889,0.002778272915119873
B11,T6,99.0,0.017915028900485255,0.004660331122477889,0.0028126460859761388
B11,T6,126.0,0.01734390087916667,0.005931837149076742,0.002834558982397008
B11,T6,150.0,0.016910514938913684,,0.0029703636976103768
B12,T6,0.0,0.029250499450932332,0.0038070313373867294,0.002439031908332304
B12,T6,5.0,0.023383295021009352,0.005757422116552228,0.002494725565476265
B12,T6,9.0,0.023355945122445897,0.004834798050332942,0.002475110189375247
B12,T6,16.0,0.023319261528340938,0.003962384673284764,0.002544779801991184
B12,T6,23.0,0.022865383449799728,0.006900870112726253,0.002574202866142711
B12,T6,30.0,0.02257766685816588,0.005779181991366775,0.0026223656199621755
B12,T6,56.0,0.021808179632709833,0.005634277334466111,0.002736204856262727
B12,T6,72.0,0.022020629737622414,0.004956671384155138,0.0028799575411173305
B12,T6,83.0,0.021458871503636453,0.0051233558958537675,0.0028631443616021724
B12,T6,99.0,0.02098670589371451,0.005196523691511683,0.0028942837711625384
B12,T6,126.0,0.020539665289814168,0.006351988835010858,0.0029182425519716395
B12,T6,150.0,0.020293841796773553,,0.003041013789889619
B13,T6,0.0,0.024056507268456588,0.0036195740340890345,0.001865446355730244
B13,T6,5.0,0.01858443280635736,0.004993304093732799,0.0018892345349082469
B13,T6,9.0,0.018506426405125752,0.003936350582666456,0.0018789263239311121
B13,T6,16.0,0.018552054446341094,0.003324888317412902,0.001923472521368015
B13,T6,23.0,0.018264071309285815,0.005692047626844283,0.001945221713759332
B13,T6,30.0,0.018280962459158803,0.005115897405716754,0.001972946270206076
B13,T6,56.0,0.017702714782987482,0.0049984973894647115,0.002046293156004918
B13,T6,72.0,0.017611502573673356,0.006379305020296839,0.0021296367409107063
B13,T6,83.0,0.017227525057599658,0.004269837616189288,0.0021393785666693173
B13,T6,99.0,0.016875882028425673,0.004269837616189288,0.002167329677203471
B13,T6,126.0,0.016486288753433158,0.00546315105673443,0.00218415131819363
B13,T6,150.0,0.016198042377678565,,0.0022617460931314013
B14,T7,0.0,0.06733290530071397,0.009003189545302145,0.004847269857536644
B14,T7,5.0,0.05091301312356201,0.012765908684896438,0.005379076325799369
B14,T7,9.0,0.05037896222669597,0.011358247822718107,0.005484892176920364
B14,T7,16.0,0.050066667997448105,0.009612255748567767,0.0059062854927247315
B14,T7,23.0,0.049168535386082055,0.015358411000833816,0.0061232157795589335
B14,T7,30.0,0.048914909496770215,0.014075937590129468,0.006366638989354209
B14,T7,56.0,0.04815560114656961,0.014451488917490766,0.006834940362872008
B14,T7,72.0,0.04870751812226391,0.01663812744056417,0.007259918015312286
B14,T7,83.0,0.04736997654512199,0.01584043552224523,0.0072705151844967165
B14,T7,99.0,0.04640581187214072,0.016363920843642035,0.007422148208268036
B14,T7,126.0,0.045199851551233884,0.016672679706358134,0.007545106538952078
B14,T7,150.0,0.044264296747727576,,0.007885228917555272
B15,T4,0.0,0.03857660380935155,0.003581091966031838,0.0025048447284549726
B15,T4,5.0,0.03031795129838995,0.005200168524329205,0.0023931357004436334
B15,T4,9.0,0.030442135032256148,0.004599191376644865,0.0023606239689937386
B15,T4,16.0,0.029934917054322142,0.003895773232651434,0.002548006854690178
B15,T4,23.0,0.029497978881817908,0.007507366006597279,0.002601819375710694
B15,T4,30.0,0.029442027968757317,0.006589166857932371,0.002670966863658932
B15,T4,56.0,0.029401088276273954,0.006366025924965176,0.0028255177052803546
B15,T4,72.0,0.0299587985416041,0.005301902012785282,0.002956685725267862
B15,T4,83.0,0.029362815866785724,0.0049492406514589065,0.0029377872803856573
B15,T4,99.0,0.029101422133263173,0.005138435131527351,0.002985994330466536
B15,T4,126.0,0.028785442143096144,0.006551533722788953,0.002974943544899823
B15,T4,150.0,0.028748534390024023,,0.003059826390557185
B16,T4,0.0,0.04360297857685169,0.004793358708802278,0.0033181841544292837
B16,T4,5.0,0.04017667357926651,0.004871867799701101,0.0032585652969683338
B16,T4,9.0,0.040037327054007754,0.005758782501943762,0.0034918138680758277
B16,T4,16.0,0.03774662875712393,0.00470500260743454,0.0033721950280377415
B16,T4,23.0,0.037249637397060616,0.008836320331535632,0.0034107431112179705
B16,T4,30.0,0.03716334714564432,0.007743352733458895,0.0034808156861515244
B16,T4,56.0,0.03717684317714638,0.008231089821297092,0.003707857362509658
B16,T4,72.0,0.038178923516174246,0.0058620997105923766,0.003941595951623679
B16,T4,83.0,0.037263892580334655,0.00616729700016596,0.0038949897945583165
B16,T4,99.0,0.03682164449805157,0.006542498623204649,0.00396206781500753
B16,T4,126.0,0.03644763572505077,0.008145826754407712,0.003978728427229494
B16,T4,150.0,0.036440044207330866,,0.0041227392747036585
